MONITOR,8968,112SPVH0K839, E2060TT 20’’,LG
MONITOR,8969,112SPZK0K485, E2060TT 20’’,LG
MONITOR,8970,112SPRW0K838, E2060TT 20’’,LG
MONITOR,8971,112SPUU0K134, E2060TT 20’’,LG
MONITOR,8972,112SPED0K540, E2060TT 20’’,LG
MONITOR,8973,112SPKN0K541, E2060TT 20’’,LG
MONITOR,8974,112SPPB0K264, E2060TT 20’’,LG
MONITOR,8976,112SPMZ0K443, E2060TT 20’’,LG
MONITOR,8977,112SPDT0K250, E2060TT 20’’,LG
MONITOR,8978,112SPSL0K390, E2060TT 20’’,LG
MONITOR,8979,112SPGS0K511, E2060TT 20’’,LG
MONITOR,8980,1125PVH0K455, E2060TT 20’’,LG
MONITOR,8981,112SPFX0K187, E2060TT 20’’,LG
MONITOR,8982,112SPJP0K524, E2060TT 20’’,LG
MONITOR,8984,112SPNY0K231, E2060TT 20’’,LG
MONITOR,8985,112SPWQ0K401, E2060TT 20’’,LG
MONITOR,8986,1126PGS0K823, E2060TT 20’’,LG
MONITOR,8987,112SPFX0K475, E2060TT 20’’,LG
MONITOR,8988,112SPDT0K274, E2060TT 20’’,LG
MONITOR,8989,112SPRW0K382, E2060TT 20’’,LG
MONITOR,8990,112SPSL0K462, E2060TT 20’’,LG
MONITOR,8991,112SPQJ0K148, E2060TT 20’’,LG
MONITOR,8992,112SPDT0K802, E2060TT 20’’,LG
MONITOR,8993,112SPMZ0K251, E2060TT 20’’,LG
MONITOR,8994,112SPYR0K482, E2060TT 20’’,LG
MONITOR,8995,112SPHG0K457, E2060TT 20’’,LG
MONITOR,8996,112SPKN0K421, E2060TT 20’’,LG
MONITOR,8997,112SPLC0K512, E2060TT 20’’,LG
MONITOR,8998,112SPQJ0K436, E2060TT 20’’,LG
MONITOR,8999,112SPHG0K265, E2060TT 20’’,LG
MONITOR,9000,112SPSL0K438, E2060TT 20’’,LG
MONITOR,9001,112SPPB0K456, E2060TT 20’’,LG
MONITOR,9002,112SPZK0K149, E2060TT 20’’,LG
MONITOR,9003,112SPFX0K283, E2060TT 20’’,LG
MONITOR,9004,112SPTM0K825, E2060TT 20’’,LG
MONITOR,9005,112SPAE0K280, E2060TT 20’’,LG
MONITOR,9006,112SPLC0K128, E2060TT 20’’,LG
MONITOR,9007,112SPPB0K840, E2060TT 20’’,LG
MONITOR,9008,112SPED0K468, E2060TT 20’’,LG
MONITOR,9009,112SPTM0K393, E2060TT 20’’,LG
MONITOR,9010,112SPVH0K479, E2060TT 20’’,LG
MONITOR,9011,1125PJP0K404, E2060TT 20’’,LG
MONITOR,9012,112SPAE0K160, E2060TT 20’’,LG
MONITOR,9013,112SPVH0K383, E2060TT 20’’,LG
MONITOR,9014,112SPPB0K528, E2060TT 20’’,LG
MONITOR,9015,112SPUU0K158, E2060TT 20’’,LG
MONITOR,9016,112SPED0K180, E2060TT 20’’,LG
MONITOR,9017,112SPHG0K505, E2060TT 20’’,LG
MONITOR,9018,112SPCA0K459, E2060TT 20’’,LG
MONITOR,9019,112SPHG0K409, E2060TT 20’’,LG
MONITOR,9020,112SPZK0K509, E2060TT 20’’,LG
MONITOR,9021,112SPED0K516, E2060TT 20’’,LG
MONITOR,9022,112SPCA0K219, E2060TT 20’’,LG
MONITOR,9023,112SPGSOK271, E2060TT 20’’,LG
MONITOR,9024,112SPWQ0K419, E2060TT 20’’,LG
MONITOR,9025,112SPXV0K522, E2060TT 20’’,LG
MONITOR,9026,112SPWQ0K521, E2060TT 20’’,LG
MONITOR,9027,112SPZK0K797, E2060TT 20’’,LG
MONITOR,9028,112SPTM0K513, E2060TT 20’’,LG
MONITOR,9029,112SPHG0K841, E2060TT 20’’,LG
MONITOR,9030,112SPLC0K488, E2060TT 20’’,LG
MONITOR,9031,112SPSL0K222, E2060TT 20’’,LG
MONITOR,9032,112SPED0K228, E2060TT 20’’,LG
MONITOR,9033,112SPXV0K426, E2060TT 20’’,LG
MONITOR,9034,112SPGS0K487, E2060TT 20’’,LG
MONITOR,9035,112SPRW0K478, E2060TT 20’’,LG
MONITOR,9036,112SPNY0K159, E2060TT 20’’,LG
MONITOR,9037,112SPVH0K239, E2060TT 20’’,LG
MONITOR,9038,112SPUU0K422, E2060TT 20’’,LG
MONITOR,9039,112SPYR0K506, E2060TT 20’’,LG
MONITOR,9040,112SPED0K492, E2060TT 20’’,LG
MONITOR,9041,112SPQJ0K412, E2060TT 20’’,LG
MONITOR,9042,112SPLC0K416, E2060TT 20’’,LG
MONITOR,9043,112SPYR0K266, E2060TT 20’’,LG
MONITOR,9044,112SPHG0K865, E2060TT 20’’,LG
MONITOR,9045,000000000000, E2060TT 20’’,LG
MONITOR,9046,112SPCA0K147, E2060TT 20’’,LG
MONITOR,9047,112SPDT0K490, E2060TT 20’’,LG
MONITOR,9048,112SPTM0K489, E2060TT 20’’,LG
MONITOR,9049,1125PZK0K197, E2060TT 20’’,LG
MONITOR,9050,112SPBF0K429, E2060TT 20’’,LG
MONITOR,9051,112SPYR0K146, E2060TT 20’’,LG
MONITOR,9052,112SPDT0K514, E2060TT 20’’,LG
MONITOR,9053,112SPTM0K465, E2060TT 20’’,LG
MONITOR,9054,112SPQJ0K404, E2060TT 20’’,LG
MONITOR,9055,112SPFX0K115, E2060TT 20’’,LG
MONITOR,9056,112SPLC0K176, E2060TT 20’’,LG
MONITOR,9057,112SPLC0K200, E2060TT 20’’,LG
MONITOR,9058,112SPJP0K428, E2060TT 20’’,LG
MONITOR,9059,112SPHG0K385, E2060TT 20’’,LG
MONITOR,9060,112SPGS0K247, E2060TT 20’’,LG
MONITOR,9061,112SPWQ0K281, E2060TT 20’’,LG
MONITOR,9062,112SPJP0K284, E2060TT 20’’,LG
MONITOR,9063,112SPSL0K246, E2060TT 20’’,LG
MONITOR,9064,112SPVH0K191, E2060TT 20’’,LG
MONITOR,9065,112SPRW0K502, E2060TT 20’’,LG
MONITOR,9066,112SPXV0K474, E2060TT 20’’,LG
MONITOR,9067,112SPG80K199, E2060TT 20’’,LG
MONITOR,9068,112SPMZ0K467, E2060TT 20’’,LG
MONITOR,9069,112SPCA0K435, E2060TT 20’’,LG
MONITOR,9070,112SPUU0K446, E2060TT 20’’,LG
MONITOR,9071,112SPVH0K287, E2060TT 20’’,LG
MONITOR,9072,112SPNY0K207, E2060TT 20’’,LG
MONITOR,9073,112SPDT0K538, E2060TT 20’’,LG
MONITOR,9074,1125PVH0K527, E2060TT 20’’,LG
MONITOR,9075,112SPTM0K417, E2060TT 20’’,LG
MONITOR,9076,112SPSL0K534, E2060TT 20’’,LG
MONITOR,9077,112SPLC0K464, E2060TT 20’’,LG
MONITOR,9078,112SPCA0K387, E2060TT 20’’,LG
MONITOR,9079,112SPYR0K434, E2060TT 20’’,LG
MONITOR,9081,112SPVHOK863, E2060TT 20’’,LG
MONITOR,9082,112SPUU0K494, E2060TT 20’’,LG
MONITOR,9083,112SPFX0K403, E2060TT 20’’,LG
MONITOR,9084,112SPWQ0K161, E2060TT 20’’,LG
MONITOR,9085,112SPAE0K400, E2060TT 20’’,LG
MONITOR,9086,112SPRW0K286, E2060TT 20’’,LG
MONITOR,9087,112SPNY0K807, E2060TT 20’’,LG
MONITOR,9088,000000000000, E2060TT 20’’,LG
MONITOR,9089,112SPKN0K517, E2060TT 20’’,LG
MONITOR,9090,112SPSL0K486, E2060TT 20’’,LG
MONITOR,9091,112SPAE0K448, E2060TT 20’’,LG
MONITOR,9092,112SPBF0K501, E2060TT 20’’,LG
MONITOR,9093,112SPGS0K463, E2060TT 20’’,LG
MONITOR,9094,112SPDT0K826, E2060TT 20’’,LG
MONITOR,9095,112SPDT0K418, E2060TT 20’’,LG
MONITOR,9096,112SPUU0K470, E2060TT 20’’,LG
MONITOR,9097,1125PTM0K225, E2060TT 20’’,LG
MONITOR,9098,112SPKN0K469, E2060TT 20’’,LG
MONITOR,9099,112SPMZ0K275, E2060TT 20’’,LG
MONITOR,9100,112SPNY0K741, E2060TT 20’’,LG
MONITOR,9101,112SPMZ0K491, E2060TT 20’’,LG
MONITOR,9102,112SPQJ0K268, E2060TT 20’’,LG
MONITOR,9103,112SPLC0K848, E2060TT 20’’,LG
MONITOR,9104,112SPNY0K447, E2060TT 20’’,LG
MONITOR,9105,112SPLC0K248, E2060TT 20’’,LG
MONITOR,9106,112SPBF0K453, E2060TT 20’’,LG
MONITOR,9107,112SPFX0K523, E2060TT 20’’,LG
MONITOR,9108,112SPQJ0K388, E2060TT 20’’,LG
MONITOR,9109,112SPUU0K806, E2060TT 20’’,LG
MONITOR,9110,112SPVH0K815, E2060TT 20’’,LG
MONITOR,9111,112SPKN0K445, E2060TT 20’’,LG
MONITOR,9112,112SPJP0K116, E2060TT 20’’,LG
MONITOR,9113,112SPVH0K407, E2060TT 20’’,LG
MONITOR,9114,112SPLC0K224, E2060TT 20’’,LG
MONITOR,9115,112SPLC0K272, E2060TT 20’’,LG
MONITOR,9116,112SPHG0K481, E2060TT 20’’,LG
MONITOR,9117,112SPUU0K542, E2060TT 20’’,LG
MONITOR,9118,112SPWQ0K233, E2060TT 20’’,LG
MONITOR,9119,112SPBF0K381, E2060TT 20’’,LG
MONITOR,9120,112SPED0K156, E2060TT 20’’,LG
MONITOR,9121,112SPQJ0K796, E2060TT 20’’,LG
MONITOR,9122,112SPNY0K519, E2060TT 20’’,LG
MONITOR,9123,112SPJP0K476, E2060TT 20’’,LG
MONITOR,9124,112SPLC0K392, E2060TT 20’’,LG
MONITOR,9125,112SPGS0K439, E2060TT 20’’,LG
MONITOR,9126,201SPPB27256, E2060TT 20’’,LG
MONITOR,9127,112SPBF0K405, E2060TT 20’’,LG
MONITOR,9128,112SPHG0K529, E2060TT 20’’,LG
MONITOR,9129,112SPZK0K389, E2060TT 20’’,LG
MONITOR,9130,11SPYR0K3860, E2060TT 20’’,LG
MONITOR,9131,112SPCA0K483, E2060TT 20’’,LG
MONITOR,9132,1125PXV0K282, E2060TT 20’’,LG
MONITOR,9133,112SPTM0K849, E2060TT 20’’,LG
MONITOR,9134,112SPXV0K162, E2060TT 20’’,LG
MONITOR,9135,112SPPB0K192, E2060TT 20’’,LG
MONITOR,9137,112SPLC0K824, E2060TT 20’’,LG
MONITOR,9138,112SPMZ0K803, E2060TT 20’’,LG
MONITOR,9139,112SPQJ0K460, E2060TT 20’’,LG
MONITOR,9140,1125PDT0K202, E2060TT 20’’,LG
MONITOR,9141,112SPRW0K526, E2060TT 20’’,LG
MONITOR,9142,112SPJP0K380, E2060TT 20’’,LG
MONITOR,9143,112SPBF0K477, E2060TT 20’’,LG
MONITOR,9144,112SPMZ0K227, E2060TT 20’’,LG
MONITOR,9145,112SPDT0K466, E2060TT 20’’,LG
MONITOR,9146,112SPJP0K188, E2060TT 20’’,LG
MONITOR,9851,201SPAE23360, E2060TT 20’’,LG
MONITOR,RT17899,1125PYR0K458, E2060TT 20’’,LG
